INSERT INTO grocery (name,price,section) VALUES('Aluminum Foil', 8.84, 'miscellaneous');
INSERT INTO grocery (name,price,section) VALUES('Apples', 10.81, 'produce');
INSERT INTO grocery (name,price,section) VALUES('Bacon', 9.01, 'meat');
INSERT INTO grocery (name,price,section) VALUES('Bagles', 10.67, 'bread');
INSERT INTO grocery (name,price,section) VALUES('Baguette/French Bread', 5.01, 'bread');
INSERT INTO grocery (name,price,section) VALUES('Barbeque Sauce', 16.96, 'packaged');
INSERT INTO grocery (name,price,section) VALUES('Butter', 4.29, 'dairy');
INSERT INTO grocery (name,price,section) VALUES('Carrots', 2.88, 'produce');
INSERT INTO grocery (name,price,section) VALUES('Cheese', 1.75, 'dairy');
INSERT INTO grocery (name,price,section) VALUES('Coffee', 6.17, 'packaged');
INSERT INTO grocery (name,price,section) VALUES('Cold Cuts', 1.47, 'deli');
INSERT INTO grocery (name,price,section) VALUES('Cream Cheese', 16.11, 'dairy');
INSERT INTO grocery (name,price,section) VALUES('Croissants', 6.36, 'bread');
INSERT INTO grocery (name,price,section) VALUES('Eggs', 2.66, 'dairy');
INSERT INTO grocery (name,price,section) VALUES('Fish', 0.49, 'meat');
INSERT INTO grocery (name,price,section) VALUES('Flour', 8.74, 'bulk');
INSERT INTO grocery (name,price,section) VALUES('Fruit', 8.87, 'produce');
INSERT INTO grocery (name,price,section) VALUES('Grapes', 8.78, 'produce');
INSERT INTO grocery (name,price,section) VALUES('Green Beans', 7.86, 'produce');
INSERT INTO grocery (name,price,section) VALUES('Ground Beef', 16.03, 'meat');
INSERT INTO grocery (name,price,section) VALUES('Ham', 13.27, 'meat');
INSERT INTO grocery (name,price,section) VALUES('Honey', 9.31, 'packaged');
INSERT INTO grocery (name,price,section) VALUES('Ice Cream', 14.08, 'frozen');
INSERT INTO grocery (name,price,section) VALUES('Ketchup', 2.94, 'packaged');
INSERT INTO grocery (name,price,section) VALUES('Lemons', 17.24, 'produce');
INSERT INTO grocery (name,price,section) VALUES('Lettuce', 16.28, 'produce');
INSERT INTO grocery (name,price,section) VALUES('Milk', 2.34, 'dairy');
INSERT INTO grocery (name,price,section) VALUES('Mushrooms', 16.68, 'produce');
INSERT INTO grocery (name,price,section) VALUES('Oil', 5.25, 'packaged');
INSERT INTO grocery (name,price,section) VALUES('Onions', 1.11, 'produce');
INSERT INTO grocery (name,price,section) VALUES('Orange Juice', 2.52, 'frozen');
INSERT INTO grocery (name,price,section) VALUES('Oranges', 3.40, 'produce');
INSERT INTO grocery (name,price,section) VALUES('Pasta', 13.39, 'bulk');
INSERT INTO grocery (name,price,section) VALUES('Pizza', 16.61, 'frozen');
INSERT INTO grocery (name,price,section) VALUES('Potatoes', 13.29, 'produce');
INSERT INTO grocery (name,price,section) VALUES('Rice', 5.23, 'bulk');
INSERT INTO grocery (name,price,section) VALUES('Salami', 12.70, 'meat');
INSERT INTO grocery (name,price,section) VALUES('Soda', 11.21, 'miscellaneous');
INSERT INTO grocery (name,price,section) VALUES('Sour Cream', 1.73, 'dairy');
INSERT INTO grocery (name,price,section) VALUES('Tomatoes', 1.56, 'produce');
INSERT INTO grocery (name,price,section) VALUES('Yogurt', 18.67, 'dairy');
INSERT INTO shopper (id, name)VALUES(1, 'Mary');
INSERT INTO shopper (id, name)VALUES(2, 'Shanti');
INSERT INTO shopper (id, name)VALUES(3, 'Mohammad');
INSERT INTO shopper (id, name)VALUES(4, 'Ethan');
INSERT INTO shopper (id, name)VALUES(5, 'Robert');
INSERT INTO shopper (id, name)VALUES(6, 'George');
INSERT INTO shopper (id, name)VALUES(7, 'Justin');
INSERT INTO shopper (id, name)VALUES(8, 'David');

INSERT INTO orders (id, shopper_id, total_cost)VALUES(1, 1, 2.32);
INSERT INTO orders (id, shopper_id, total_cost)VALUES(2, 2, 40.98);
INSERT INTO orders (id, shopper_id, total_cost)VALUES(4, 2, 20.78);
INSERT INTO orders (id, shopper_id, total_cost)VALUES(6, 6, 1.64);
INSERT INTO orders (id, shopper_id, total_cost)VALUES(8, 8, 12.32);

INSERT INTO orders_detail (id, orders_id, grocery_id)VALUES(1, 1, 9);
INSERT INTO orders_detail (id, orders_id, grocery_id)VALUES(2, 2, 1);
INSERT INTO orders_detail (id, orders_id, grocery_id)VALUES(3, 2, 7);
INSERT INTO orders_detail (id, orders_id, grocery_id)VALUES(4, 4, 5);
INSERT INTO orders_detail (id, orders_id, grocery_id)VALUES(5, 1, 2);
INSERT INTO orders_detail (id, orders_id, grocery_id)VALUES(6, 6, 18);
